<?xml version="1.0"?>
<!--<!DOCTYPE metadata SYSTEM "http://www.esri.com/metadata/esriprof80.dtd">-->
<metadata xml:lang="es"><Esri><CreaDate>20080409</CreaDate><CreaTime>08523700</CreaTime><SyncOnce>FALSE</SyncOnce><DataProperties><lineage><Process Name="Create Feature Class" ToolSource="C:\Archivos de programa\ArcGIS\ArcToolbox\Toolboxes\Data Management Tools.tbx\CreateFeatureclass" Date="20070207" Time="163041">CreateFeatureclass C:\mdi_v2_sl CAPITALES # point_Layer SAME_AS_TEMPLATE SAME_AS_TEMPLATE "PROJCS['International_1924_Transverse_Mercator',GEOGCS['GCS_International_1924',DATUM['D_International_1924',SPHEROID['International_1924',6378388.0,297.0]],PRIMEM['Greenwich',0.0],UNIT['Degree',0.0174532925199433]],PROJECTION['Transverse_Mercator'],PARAMETER['False_Easting',1000000.0],PARAMETER['False_Northing',1000000.0],PARAMETER['Central_Meridian',-74.08091666666667],PARAMETER['Scale_Factor',1.0],PARAMETER['Latitude_Of_Origin',4.599047222222223],UNIT['Meter',1.0]];-3211365,17397019 -3516324,08713218 244,140624772626;0 100000;0 100000" # 0 0 0 C:\mdi_v2_sl\CAPITALES.shp</Process><Process Name="Append" ToolSource="C:\Archivos de programa\ArcGIS\ArcToolbox\Toolboxes\Data Management Tools.tbx\Append" Date="20070207" Time="163044">Append point_Layer C:\mdi_v2_sl\CAPITALES.shp TEST C:\mdi_v2_sl\CAPITALES.shp</Process><Process Name="FeatureClassToFeatureClass_5" ToolSource="C:\Archivos de programa\ArcGIS\ArcToolbox\Toolboxes\Conversion Tools.tbx\FeatureClassToFeatureClass" Date="20070207" Time="163046">FeatureClassToFeatureClass C:\mdi_v2_sl\p_capitales\point C:\mdi_v2_sl CAPITALES # "AREA AREA HIDDEN;PERIMETER PERIMETER VISIBLE;P_CAPITALES# P_CAPITALE HIDDEN;P_CAPITALES-ID P_CAPITA_1 HIDDEN;SIMBOLO SIMBOLO VISIBLE;SYMBOL SYMBOL HIDDEN;COD_DANE COD_DANE HIDDEN;ORDEN-T ORDEN_T HIDDEN;NMG NMG VISIBLE;NOMBREDEPT NOMBREDEPT HIDDEN;ORDEN ORDEN HIDDEN;DANE DANE VISIBLE;NUMMUNI NUMMUNI HIDDEN;COLOR COLOR HIDDEN;FCOLOR FCOLOR HIDDEN;SYM-POL SYM_POL HIDDEN;NUM-MUNI NUM_MUNI HIDDEN;LEVEL LEVEL HIDDEN;DESCRIP DESCRIP HIDDEN;UNICO-T UNICO_T HIDDEN;$POLYGONID POLYGONID HIDDEN;$SCALE SCALE HIDDEN;$ANGLE ANGLE HIDDEN" SAME_AS_TEMPLATE SAME_AS_TEMPLATE # 0 C:\mdi_v2_sl\CAPITALES.shp</Process><Process Name="Project_1" ToolSource="C:\Archivos de programa\ArcGIS\ArcToolbox\Toolboxes\Data Management Tools.tbx\Project" Date="20070209" Time="082011">Project C:\mdi_v2_sl\CAPITALES.shp C:\mdi_v2_sl\GCAPITALES_Project.shp GEOGCS['GCS_SIRGAS',DATUM['D_SIRGAS',SPHEROID['GRS_1980',6378137.0,298.257222101]],PRIMEM['Greenwich',0.0],UNIT['Degree',0.0174532925199433]] #</Process><Process Name="Project_1" ToolSource="C:\Archivos de programa\ArcGIS\ArcToolbox\Toolboxes\Data Management Tools.tbx\Project" Date="20080409" Time="085243">Project "E:\Instaladores Curso Mapserver\DATOS\CAPITALES.shp" "E:\Instaladores Curso Mapserver\DATOS\CAPITALES_WGS84.shp" GEOGCS['GCS_WGS_1984',DATUM['D_WGS_1984',SPHEROID['WGS_1984',6378137.0,298.257223563]],PRIMEM['Greenwich',0.0],UNIT['Degree',0.0174532925199433]] SIRGAS_To_WGS_1984_1 GEOGCS['GCS_SIRGAS',DATUM['D_SIRGAS',SPHEROID['GRS_1980',6378137.0,298.257222101]],PRIMEM['Greenwich',0.0],UNIT['Degree',0.0174532925199433]]</Process></lineage></DataProperties><SyncDate>20070208</SyncDate><SyncTime>14192500</SyncTime><ModDate>20070208</ModDate><ModTime>14192500</ModTime><MetaID>{C92FFEAA-D6D9-4458-8272-F5F56C3DA023}</MetaID></Esri><idinfo><native Sync="TRUE">Microsoft Windows 2000 Version 5.2 (Build 3790) Service Pack 1; ESRI ArcCatalog 9.1.0.722</native><descript><langdata Sync="TRUE">es</langdata><abstract>REQUIRED: A brief narrative summary of the data set.</abstract><purpose>REQUIRED: A summary of the intentions with which the data set was developed.</purpose></descript><citation><citeinfo><origin>REQUIRED: The name of an organization or individual that developed the data set.</origin><pubdate>REQUIRED: The date when the data set is published or otherwise made available for release.</pubdate><title Sync="TRUE">CAPITALES</title><ftname Sync="TRUE">CAPITALES</ftname><geoform Sync="TRUE">vector digital data</geoform><onlink Sync="TRUE">\\GEOSERV03\E$\Instaladores Curso Mapserver\DATOS\Datos Transformados\CAPITALES_WGS84</onlink></citeinfo></citation><timeperd><current>REQUIRED: The basis on which the time period of content information is determined.</current><timeinfo><sngdate><caldate>REQUIRED: The year (and optionally month, or month and day) for which the data set corresponds to the ground.</caldate></sngdate></timeinfo></timeperd><status><progress>REQUIRED: The state of the data set.</progress><update>REQUIRED: The frequency with which changes and additions are made to the data set after the initial data set is completed.</update></status><spdom><bounding><westbc Sync="TRUE">-77.346215</westbc><eastbc Sync="TRUE">-67.410469</eastbc><northbc Sync="TRUE">11.248389</northbc><southbc Sync="TRUE">-4.190776</southbc></bounding><lboundng><leftbc Sync="TRUE">643229.667310</leftbc><rightbc Sync="TRUE">1730133.011054</rightbc><bottombc Sync="TRUE">28041.730398</bottombc><topbc Sync="TRUE">1735403.121642</topbc></lboundng></spdom><keywords><theme><themekt>REQUIRED: Reference to a formally registered thesaurus or a similar authoritative source of theme keywords.</themekt><themekey>REQUIRED: Common-use word or phrase used to describe the subject of the data set.</themekey></theme></keywords><accconst>REQUIRED: Restrictions and legal prerequisites for accessing the data set.</accconst><useconst>REQUIRED: Restrictions and legal prerequisites for using the data set after access is granted.</useconst><natvform Sync="TRUE">Shapefile</natvform></idinfo><dataIdInfo><envirDesc Sync="TRUE">Microsoft Windows 2000 Version 5.2 (Build 3790) Service Pack 1; ESRI ArcCatalog 9.1.0.722</envirDesc><dataLang><languageCode Sync="TRUE" value="es"></languageCode></dataLang><idCitation><resTitle Sync="TRUE">CAPITALES</resTitle><presForm><PresFormCd Sync="TRUE" value="005"></PresFormCd></presForm></idCitation><spatRpType><SpatRepTypCd Sync="TRUE" value="001"></SpatRepTypCd></spatRpType><dataExt><geoEle><GeoBndBox esriExtentType="native"><westBL Sync="TRUE">643229.66731</westBL><eastBL Sync="TRUE">1730133.011054</eastBL><northBL Sync="TRUE">1735403.121642</northBL><southBL Sync="TRUE">28041.730398</southBL><exTypeCode Sync="TRUE">1</exTypeCode></GeoBndBox></geoEle></dataExt><geoBox esriExtentType="decdegrees"><westBL Sync="TRUE">-77.346215</westBL><eastBL Sync="TRUE">-67.410469</eastBL><northBL Sync="TRUE">11.248389</northBL><southBL Sync="TRUE">-4.190776</southBL><exTypeCode Sync="TRUE">1</exTypeCode></geoBox></dataIdInfo><metainfo><langmeta Sync="TRUE">es</langmeta><metstdn Sync="TRUE">FGDC Content Standards for Digital Geospatial Metadata</metstdn><metstdv Sync="TRUE">FGDC-STD-001-1998</metstdv><mettc Sync="TRUE">local time</mettc><metextns><onlink Sync="TRUE">http://www.esri.com/metadata/esriprof80.html</onlink><metprof Sync="TRUE">ESRI Metadata Profile</metprof></metextns><metc><cntinfo><cntorgp><cntper>REQUIRED: The person responsible for the metadata information.</cntper><cntorg>REQUIRED: The organization responsible for the metadata information.</cntorg></cntorgp><cntaddr><addrtype>REQUIRED: The mailing and/or physical address for the organization or individual.</addrtype><city>REQUIRED: The city of the address.</city><state>REQUIRED: The state or province of the address.</state><postal>REQUIRED: The ZIP or other postal code of the address.</postal></cntaddr><cntvoice>REQUIRED: The telephone number by which individuals can speak to the organization or individual.</cntvoice></cntinfo></metc><metd Sync="TRUE">20070208</metd></metainfo><mdLang><languageCode Sync="TRUE" value="es"></languageCode></mdLang><mdStanName Sync="TRUE">ISO 19115 Geographic Information - Metadata</mdStanName><mdStanVer Sync="TRUE">DIS_ESRI1.0</mdStanVer><mdChar><CharSetCd Sync="TRUE" value="004"></CharSetCd></mdChar><mdHrLv><ScopeCd Sync="TRUE" value="005"></ScopeCd></mdHrLv><mdHrLvName Sync="TRUE">dataset</mdHrLvName><distinfo><resdesc Sync="TRUE">Downloadable Data</resdesc><stdorder><digform><digtinfo><transize Sync="TRUE">0,001</transize><dssize Sync="TRUE">0,001</dssize></digtinfo></digform></stdorder></distinfo><distInfo><distributor><distorTran><onLineSrc><orDesc Sync="TRUE">002</orDesc><linkage Sync="TRUE">file://\\GEOSERV03\E$\Instaladores Curso Mapserver\DATOS\Datos Transformados\CAPITALES_WGS84</linkage><protocol Sync="TRUE">Local Area Network</protocol></onLineSrc><transSize Sync="TRUE">0,001</transSize></distorTran><distorFormat><formatName Sync="TRUE">Shapefile</formatName></distorFormat></distributor></distInfo><spdoinfo><direct Sync="TRUE">Vector</direct><ptvctinf><esriterm Name="CAPITALES"><efeatyp Sync="TRUE">Simple</efeatyp><efeageom Sync="TRUE">Point</efeageom><esritopo Sync="TRUE">FALSE</esritopo><efeacnt Sync="TRUE">31</efeacnt><spindex Sync="TRUE">TRUE</spindex><linrefer Sync="TRUE">FALSE</linrefer></esriterm><sdtsterm Name="CAPITALES"><sdtstype Sync="TRUE">Entity point</sdtstype><ptvctcnt Sync="TRUE">31</ptvctcnt></sdtsterm></ptvctinf></spdoinfo><spref><horizsys><cordsysn><geogcsn Sync="TRUE">GCS_International_1924</geogcsn><projcsn Sync="TRUE">International_1924_Transverse_Mercator</projcsn></cordsysn><planar><mapproj><mapprojn Sync="TRUE">Transverse Mercator</mapprojn><transmer><sfctrmer Sync="TRUE">1.000000</sfctrmer><longcm Sync="TRUE">-74.080917</longcm><latprjo Sync="TRUE">4.599047</latprjo><feast Sync="TRUE">1000000.000000</feast><fnorth Sync="TRUE">1000000.000000</fnorth></transmer></mapproj><planci><plance Sync="TRUE">coordinate pair</plance><plandu Sync="TRUE">meters</plandu><coordrep><absres Sync="TRUE">0.004096</absres><ordres Sync="TRUE">0.004096</ordres></coordrep></planci></planar><geodetic><horizdn Sync="TRUE">D_International_1924</horizdn><ellips Sync="TRUE">International_1924</ellips><semiaxis Sync="TRUE">6378388.000000</semiaxis><denflat Sync="TRUE">297.000000</denflat></geodetic></horizsys></spref><refSysInfo><RefSystem><refSysID><identCode Sync="TRUE">International_1924_Transverse_Mercator</identCode></refSysID></RefSystem></refSysInfo><spatRepInfo><VectSpatRep><topLvl><TopoLevCd Sync="TRUE" value="001"></TopoLevCd></topLvl><geometObjs Name="CAPITALES"><geoObjTyp><GeoObjTypCd Sync="TRUE" value="004"></GeoObjTypCd></geoObjTyp><geoObjCnt Sync="TRUE">31</geoObjCnt></geometObjs></VectSpatRep></spatRepInfo><eainfo><detailed Name="CAPITALES"><enttyp><enttypl Sync="TRUE">CAPITALES</enttypl><enttypt Sync="TRUE">Feature Class</enttypt><enttypc Sync="TRUE">31</enttypc></enttyp><attr><attrlabl Sync="TRUE">FID</attrlabl><attalias Sync="TRUE">FID</attalias><attrtype Sync="TRUE">OID</attrtype><attwidth Sync="TRUE">4</attwidth><atprecis Sync="TRUE">0</atprecis><attscale Sync="TRUE">0</attscale><attrdef Sync="TRUE">Internal feature number.</attrdef><attrdefs Sync="TRUE">ESRI</attrdefs><attrdomv><udom Sync="TRUE">Sequential unique whole numbers that are automatically generated.</udom></attrdomv></attr><attr><attrlabl Sync="TRUE">Shape</attrlabl><attalias Sync="TRUE">Shape</attalias><attrtype Sync="TRUE">Geometry</attrtype><attwidth Sync="TRUE">0</attwidth><atprecis Sync="TRUE">0</atprecis><attscale Sync="TRUE">0</attscale><attrdef Sync="TRUE">Feature geometry.</attrdef><attrdefs Sync="TRUE">ESRI</attrdefs><attrdomv><udom Sync="TRUE">Coordinates defining the features.</udom></attrdomv></attr><attr><attrlabl Sync="TRUE">PERIMETER</attrlabl><attalias Sync="TRUE">PERIMETER</attalias><attrtype Sync="TRUE">Float</attrtype><attwidth Sync="TRUE">19</attwidth><atnumdec Sync="TRUE">11</atnumdec></attr><attr><attrlabl Sync="TRUE">SIMBOLO</attrlabl><attalias Sync="TRUE">SIMBOLO</attalias><attrtype Sync="TRUE">String</attrtype><attwidth Sync="TRUE">8</attwidth></attr><attr><attrlabl Sync="TRUE">NMG</attrlabl><attalias Sync="TRUE">NMG</attalias><attrtype Sync="TRUE">String</attrtype><attwidth Sync="TRUE">50</attwidth></attr><attr><attrlabl Sync="TRUE">DANE</attrlabl><attalias Sync="TRUE">DANE</attalias><attrtype Sync="TRUE">String</attrtype><attwidth Sync="TRUE">7</attwidth></attr></detailed></eainfo><mdDateSt Sync="TRUE">20070208</mdDateSt><dataqual><lineage><procstep><procdesc Sync="TRUE">Dataset copied.</procdesc><srcused Sync="TRUE">C:\mdi_v2_sl_2\CAPITALES</srcused><date Sync="TRUE">20070208</date><time Sync="TRUE">17494600</time></procstep><procstep><procdesc Sync="TRUE">Dataset copied.</procdesc><srcused Sync="TRUE"></srcused><date Sync="TRUE">20070209</date><time Sync="TRUE">08201000</time></procstep><procstep><procdesc Sync="TRUE">Dataset copied.</procdesc><srcused Sync="TRUE">C:\Cartografía_básica_\CAPITALES</srcused><date Sync="TRUE">20070213</date><time Sync="TRUE">08273700</time></procstep><procstep><procdesc Sync="TRUE">Dataset copied.</procdesc><srcused Sync="TRUE"></srcused><date Sync="TRUE">20080409</date><time Sync="TRUE">08524300</time></procstep><procstep><procdesc Sync="TRUE">Dataset moved.</procdesc><srcused Sync="TRUE">E:\Instaladores Curso Mapserver\DATOS\CAPITALES_WGS84</srcused><date Sync="TRUE">20080409</date><time Sync="TRUE">09042200</time></procstep></lineage></dataqual></metadata>
